{"initial_reset_timestamp": 1593688218.27622, "timestamps": [1593688219.3555791, 1593688220.4163225, 1593688220.4709842, 1593688220.4981458, 1593688220.5250049, 1593688220.5518782, 1593688220.5786734, 1593688220.6047485, 1593688221.6285017, 1593688221.6793234, 1593688221.7126367, 1593688221.7405376, 1593688221.7683985, 1593688221.796323, 1593688221.8245265, 1593688221.8551185, 1593688221.8833787, 1593688221.9120052, 1593688221.941355, 1593688221.969419, 1593688221.9979548, 1593688222.0261827, 1593688222.0550978, 1593688222.0831723, 1593688222.1159947, 1593688222.1463282, 1593688222.172625, 1593688223.2027395, 1593688223.2543485, 1593688223.2812693, 1593688223.3076184, 1593688223.3337908, 1593688223.359921, 1593688223.3864787, 1593688223.4132183, 1593688223.4400802, 1593688223.4690201, 1593688223.4981437, 1593688223.526506, 1593688223.5541098, 1593688223.5822983, 1593688223.6112359, 1593688223.6420295, 1593688223.670327, 1593688223.699903, 1593688223.7281234, 1593688223.7579613, 1593688223.787124, 1593688223.817804, 1593688223.8440545, 1593688223.8703904, 1593688223.8968225, 1593688223.9227622, 1593688223.9488685, 1593688223.9749541, 1593688224.0008533, 1593688224.0267267, 1593688224.0526745, 1593688224.0785334, 1593688224.1046863, 1593688224.130691, 1593688224.1566207, 1593688224.183286, 1593688224.20952, 1593688225.2382832, 1593688225.2927861, 1593688225.3191648, 1593688225.3455012, 1593688225.37193, 1593688225.3980064, 1593688225.4240837, 1593688225.4499016, 1593688225.4757187, 1593688225.5015173, 1593688225.5273714, 1593688225.5533655, 1593688225.579303, 1593688225.6051679, 1593688225.6310642, 1593688225.656981, 1593688225.682956, 1593688225.7087746, 1593688225.7347405, 1593688225.760657, 1593688225.7863166, 1593688225.812096, 1593688225.8395913, 1593688225.86702, 1593688225.894617, 1593688225.9223304, 1593688225.9501417, 1593688225.9778128, 1593688226.0052724, 1593688226.0316722, 1593688226.0572953, 1593688226.083074, 1593688226.1089003, 1593688226.1349857, 1593688226.1606846, 1593688226.1865277], "episode_lengths": [200, 200, 200, 200, 200, 200, 200, 200, 200, 200, 200, 200, 200, 200, 200, 200, 200, 200, 200, 200, 200, 200, 200, 200, 200, 200, 200, 200, 200, 200, 200, 200, 200, 200, 200, 200, 200, 200, 200, 200, 200, 200, 200, 200, 200, 200, 200, 200, 200, 200, 200, 200, 200, 200, 200, 200, 200, 200, 200, 200, 200, 200, 200, 200, 200, 200, 200, 200, 200, 200, 200, 200, 200, 200, 200, 200, 200, 200, 200, 200, 200, 200, 200, 200, 200, 200, 200, 200, 200, 200, 200, 200, 200, 200, 200, 200, 200, 200, 200, 200], "episode_rewards": [200.0, 200.0, 200.0, 200.0, 200.0, 200.0, 200.0, 200.0, 200.0, 200.0, 200.0, 200.0, 200.0, 200.0, 200.0, 200.0, 200.0, 200.0, 200.0, 200.0, 200.0, 200.0, 200.0, 200.0, 200.0, 200.0, 200.0, 200.0, 200.0, 200.0, 200.0, 200.0, 200.0, 200.0, 200.0, 200.0, 200.0, 200.0, 200.0, 200.0, 200.0, 200.0, 200.0, 200.0, 200.0, 200.0, 200.0, 200.0, 200.0, 200.0, 200.0, 200.0, 200.0, 200.0, 200.0, 200.0, 200.0, 200.0, 200.0, 200.0, 200.0, 200.0, 200.0, 200.0, 200.0, 200.0, 200.0, 200.0, 200.0, 200.0, 200.0, 200.0, 200.0, 200.0, 200.0, 200.0, 200.0, 200.0, 200.0, 200.0, 200.0, 200.0, 200.0, 200.0, 200.0, 200.0, 200.0, 200.0, 200.0, 200.0, 200.0, 200.0, 200.0, 200.0, 200.0, 200.0, 200.0, 200.0, 200.0, 200.0], "episode_types": ["t", "t", "t", "t", "t", "t", "t", "t", "t", "t", "t", "t", "t", "t", "t", "t", "t", "t", "t", "t", "t", "t", "t", "t", "t", "t", "t", "t", "t", "t", "t", "t", "t", "t", "t", "t", "t", "t", "t", "t", "t", "t", "t", "t", "t", "t", "t", "t", "t", "t", "t", "t", "t", "t", "t", "t", "t", "t", "t", "t", "t", "t", "t", "t", "t", "t", "t", "t", "t", "t", "t", "t", "t", "t", "t", "t", "t", "t", "t", "t", "t", "t", "t", "t", "t", "t", "t", "t", "t", "t", "t", "t", "t", "t", "t", "t", "t", "t", "t", "t"]}