{"initial_reset_timestamp": 1599213204.3744242, "timestamps": [1599213220.2174346, 1599213231.0907004, 1599213243.1597917, 1599213252.9143116, 1599213263.9992552, 1599213275.9397905, 1599213282.6545815, 1599213292.9307494, 1599213306.4647658, 1599213320.164703, 1599213328.7155876, 1599213340.779135, 1599213351.7388518, 1599213362.7863772, 1599213370.4540796, 1599213386.3988762, 1599213396.8904939, 1599213409.1812088, 1599213421.2306483, 1599213434.3120487], "episode_lengths": [4515, 3103, 3801, 3057, 3503, 3754, 2131, 3229, 3809, 4248, 2643, 3668, 3417, 3526, 2460, 4824, 3217, 3750, 3762, 3977], "episode_rewards": [450.0, 248.0, 324.0, 236.0, 282.0, 330.0, 144.0, 290.0, 328.0, 400.0, 228.0, 308.0, 264.0, 286.0, 198.0, 434.0, 268.0, 326.0, 292.0, 388.0], "episode_types": ["t", "t", "t", "t", "t", "t", "t", "t", "t", "t", "t", "t", "t", "t", "t", "t", "t", "t", "t", "t"]}