{"initial_reset_timestamp": 1595903582.3158867, "timestamps": [1595903586.1121764, 1595903587.2390912, 1595903588.9340394, 1595903590.123467, 1595903590.5701826, 1595903593.7355633, 1595903594.6024342, 1595903596.2503319, 1595903597.6903405, 1595903598.1436834, 1595903601.1952212, 1595903602.0392318, 1595903603.6579976, 1595903604.7993174, 1595903605.2441905, 1595903608.2881863, 1595903609.1419992, 1595903610.7666595, 1595903611.9094265, 1595903612.3577836, 1595903615.4077914, 1595903616.2528615, 1595903617.8695943, 1595903619.0138483, 1595903619.457195, 1595903622.5078092, 1595903623.3534088, 1595903625.3106318, 1595903626.4597676, 1595903626.90339, 1595903629.9462504, 1595903630.78944, 1595903632.4011145, 1595903633.5463638, 1595903633.9887664, 1595903637.0299704, 1595903637.8784692, 1595903639.49791, 1595903640.6468287, 1595903641.089717, 1595903644.1409764, 1595903644.986067, 1595903646.6007886, 1595903647.7447338, 1595903648.1872773, 1595903651.2358794, 1595903652.0813732, 1595903653.6939502, 1595903654.836354, 1595903655.2835343], "episode_lengths": [676, 187, 359, 254, 98, 676, 187, 359, 254, 98, 676, 187, 359, 254, 98, 676, 187, 359, 254, 98, 676, 187, 359, 254, 98, 676, 187, 359, 254, 98, 676, 187, 359, 254, 98, 676, 187, 359, 254, 98, 676, 187, 359, 254, 98, 676, 187, 359, 254, 98], "episode_rewards": [20.0, 5.0, 9.0, 7.0, 2.0, 20.0, 5.0, 9.0, 7.0, 2.0, 20.0, 5.0, 9.0, 7.0, 2.0, 20.0, 5.0, 9.0, 7.0, 2.0, 20.0, 5.0, 9.0, 7.0, 2.0, 20.0, 5.0, 9.0, 7.0, 2.0, 20.0, 5.0, 9.0, 7.0, 2.0, 20.0, 5.0, 9.0, 7.0, 2.0, 20.0, 5.0, 9.0, 7.0, 2.0, 20.0, 5.0, 9.0, 7.0, 2.0], "episode_types": ["t", "t", "t", "t", "t", "t", "t", "t", "t", "t", "t", "t", "t", "t", "t", "t", "t", "t", "t", "t", "t", "t", "t", "t", "t", "t", "t", "t", "t", "t", "t", "t", "t", "t", "t", "t", "t", "t", "t", "t", "t", "t", "t", "t", "t", "t", "t", "t", "t", "t"]}