{"initial_reset_timestamp": 1599289444.5233574, "timestamps": [1599289453.8462727, 1599289466.394581, 1599289474.7252939], "episode_lengths": [1487, 2093, 1503], "episode_rewards": [15.0, 36.0, 24.0], "episode_types": ["t", "t", "t"]}