{"initial_reset_timestamp": 1601813417.380423, "timestamps": [1601813421.673591, 1601813425.0496457, 1601813427.768706, 1601813430.558671, 1601813432.8719912, 1601813436.3430293, 1601813439.5861676, 1601813442.8319354, 1601813446.0165443, 1601813448.544495, 1601813452.0062823, 1601813455.143165, 1601813458.522601, 1601813461.3118503, 1601813464.2795079, 1601813466.6406336, 1601813469.5790865, 1601813472.8068178, 1601813476.2125123, 1601813479.4416928], "episode_lengths": [2532, 1956, 1950, 2012, 1699, 2546, 2394, 2382, 1838, 1851, 2528, 2337, 2517, 2070, 2198, 1749, 2186, 2400, 2526, 2394], "episode_rewards": [10200.0, 5800.0, 10400.0, 6400.0, 5200.0, 11600.0, 9600.0, 12000.0, 6600.0, 5600.0, 11000.0, 11400.0, 10600.0, 9400.0, 10200.0, 5800.0, 9000.0, 7400.0, 12400.0, 11600.0], "episode_types": ["t", "t", "t", "t", "t", "t", "t", "t", "t", "t", "t", "t", "t", "t", "t", "t", "t", "t", "t", "t"]}