{"initial_reset_timestamp": 1601589445.5312023, "timestamps": [1601589451.2129388, 1601589456.923911, 1601589460.9205046, 1601589464.6397247, 1601589469.6884575, 1601589474.4237494, 1601589477.5746708, 1601589481.2217312, 1601589487.2838764, 1601589491.3101776, 1601589495.3286736, 1601589499.3181288, 1601589503.33609, 1601589506.3295286, 1601589509.2272086, 1601589512.9305193, 1601589517.8302221, 1601589521.5045397, 1601589524.6744242, 1601589528.953019], "episode_lengths": [2460, 2022, 2113, 1856, 2652, 2528, 1776, 2286, 2178, 2278, 2158, 2190, 2122, 1686, 1650, 1966, 2677, 1871, 1746, 2402], "episode_rewards": [9700.0, 7200.0, 7000.0, 6900.0, 8000.0, 8500.0, 4200.0, 8100.0, 6900.0, 9600.0, 6700.0, 8600.0, 7900.0, 3900.0, 3500.0, 6200.0, 8700.0, 4600.0, 4600.0, 6300.0], "episode_types": ["t", "t", "t", "t", "t", "t", "t", "t", "t", "t", "t", "t", "t", "t", "t", "t", "t", "t", "t", "t"]}